Term ID,Term Name,Term Slug,Description,Parent ID,Parent Name,Parent Slug,Count
183,Alojamiento confiable,alojamiento-confiable,"Servicios de alojamiento confiables que garantizan tiempo de actividad y rendimiento.",,,,,
184,Alojamiento seguro,alojamiento-seguro,"Servicios de alojamiento que proporcionan características de seguridad mejoradas.",,,,,
185,Alojamiento web,alojamiento-web,"Servicios de alojamiento general para sitios web.",,,,,
186,Alojamiento en la nube,alojamiento-en-la-nube,"Servicios de alojamiento que utilizan tecnología en la nube para escalabilidad.",,,,,
187,Alojamiento dedicado,alojamiento-dedicado,"Servicios de alojamiento que proporcionan recursos dedicados para un solo cliente.",,,,,
188,Alojamiento gestionado,alojamiento-gestionado,"Servicios de alojamiento que incluyen gestión y soporte.",,,,,
189,Alojamiento VPS,alojamiento-vps,"Alojamiento de Servidor Privado Virtual para un mejor rendimiento.",,,,,
190,Centro de datos,centro-de-datos,"Instalaciones utilizadas para albergar sistemas informáticos y componentes asociados.",,,,,
191,Tiempos de actividad,tiempos-de-actividad,"El tiempo que un sistema está operativo y disponible.",,,,,
192,Seguridad,seguridad,"Medidas tomadas para proteger un sistema informático contra accesos no autorizados.",,,,,
193,Rendimiento,rendimiento,"La velocidad y eficiencia de un sistema o servicio.",,,,,
194,Escalabilidad,escalabilidad,"La capacidad de un sistema para manejar una cantidad creciente de trabajo.",,,,,
195,Alojamiento para empresas,alojamiento-para-empresas,"Servicios de alojamiento adaptados a las necesidades empresariales.",,,,,
196,Alojamiento empresarial,alojamiento-empresarial,"Soluciones de alojamiento diseñadas para grandes organizaciones.",,,,,
197,Servidores virtuales privados,servidores-virtuales-privados,"Un servidor virtualizado que actúa como un servidor dedicado.",,,,,
198,Correo electrónico empresarial,correo-electronico-empresarial,"Servicios de correo electrónico diseñados para uso empresarial.",,,,,
199,Computación en la nube,computacion-en-la-nube,"La entrega de servicios de computación a través de Internet.",,,,,
200,Alojamiento de correo electrónico,alojamiento-de-correo-electronico,"Servicios de alojamiento específicamente para correo electrónico.",,,,,
201,Virtualización de servidores,virtualizacion-de-servidores,"La creación de versiones virtuales de servidores físicos.",,,,,
202,VPS,vps,"Alojamiento de Servidor Privado Virtual.",,,,,
203,Seguridad de correo electrónico,seguridad-de-correo-electronico,"Medidas para proteger cuentas de correo electrónico y comunicaciones.",,,,,
204,Servidores en la nube,servidores-en-la-nube,"Servidores que están alojados en un entorno de nube.",,,,,
205,Servidores dedicados,servidores-dedicados,"Servidores que están dedicados a un solo cliente.",,,,,
206,Servicios de TI gestionados,servicios-de-ti-gestionados,"Servicios de TI que son gestionados por un tercero.",,,,,
207,Alojamiento eficiente,alojamiento-eficiente,"Servicios de alojamiento que optimizan el uso de recursos.",,,,,
208,Gestión de servidores,gestion-de-servidores,"El proceso de gestionar y mantener servidores.",,,,,
209,Seguridad de red,seguridad-de-red,"Medidas para proteger una red informática.",,,,,
210,Garantía de tiempo de actividad,garantia-de-tiempo-de-actividad,"Una garantía de que un servicio estará operativo durante un cierto porcentaje del tiempo.",,,,,
211,Fiabilidad,fiabilidad,"La capacidad de un sistema para realizar consistentemente su función prevista.",,,,,
212,Gestión de dominios,gestion-de-dominios,"El proceso de gestionar nombres de dominio.",,,,,
213,Registro de dominios,registro-de-dominios,"El proceso de registrar un nombre de dominio.",,,,,
214,Transferencia de dominios,transferencia-de-dominios,"El proceso de transferir un nombre de dominio de un registrador a otro.",,,,,
215,Renovación de dominios,renovacion-de-dominios,"El proceso de renovar el registro de un nombre de dominio.",,,,,
216,Gestión de DNS,gestion-de-dns,"El proceso de gestionar la configuración del Sistema de Nombres de Dominio.",,,,,
217,Alojamiento de sitios web,alojamiento-de-sitios-web,"Servicios de alojamiento específicamente para sitios web.",,,,,
218,Certificados SSL,certificados-ssl,"Certificados que proporcionan conexiones seguras para sitios web.",,,,,
219,Seguridad web,seguridad-web,"Medidas tomadas para proteger sitios web de ataques.",,,,,
220,Creador de sitios web,creador-de-sitios-web,"Herramientas que permiten a los usuarios crear sitios web sin codificación.",,,,,
221,Pruebas de penetración,pruebas-de-penetracion,"Pruebas realizadas en un sistema informático para encontrar vulnerabilidades.",,,,,
222,Evaluación de vulnerabilidades,evaluacion-de-vulnerabilidades,"El proceso de identificar y cuantificar vulnerabilidades.",,,,,
223,Auditoría de seguridad,auditoria-de-seguridad,"Una evaluación de las medidas de seguridad de un sistema.",,,,,
224,Ciberseguridad,ciberseguridad,"La práctica de proteger sistemas de amenazas cibernéticas.",,,,,
225,Seguridad de la información,seguridad-de-la-informacion,"La protección de la información contra accesos no autorizados.",,,,,
226,Gestión de riesgos,gestion-de-riesgos,"La identificación, evaluación y priorización de riesgos.",,,,,
227,Cumplimiento,cumplimiento,"Cumplimiento de leyes, regulaciones y directrices.",,,,,
228,Inteligencia de amenazas,inteligencia-de-amenazas,"Información sobre amenazas a una organización.",,,,,
229,Gestión de vulnerabilidades,gestion-de-vulnerabilidades,"El proceso de identificar y mitigar vulnerabilidades.",,,,,
230,Implementación de políticas de ciberseguridad,implementacion-de-politicas-de-ciberseguridad,"El proceso de implementar políticas de ciberseguridad.",,,,,
231,Política de seguridad de TI,politica-de-seguridad-de-ti,"Políticas que rigen la seguridad de los sistemas de TI.",,,,,
232,Política de seguridad de la información,politica-de-seguridad-de-la-informacion,"Políticas que rigen la seguridad de la información.",,,,,
233,Gestión de políticas de seguridad,gestion-de-politicas-de-seguridad,"El proceso de gestionar políticas de seguridad.",,,,,
234,Cumplimiento de seguridad,cumplimiento-de-seguridad,"Cumplimiento de estándares y regulaciones de seguridad.",,,,,
235,Controles de seguridad,controles-de-seguridad,"Medidas tomadas para proteger sistemas y datos.",,,,,
236,Mejores prácticas de seguridad,mejores-practicas-de-seguridad,"Prácticas recomendadas para mantener la seguridad.",,,,,
237,Normas de seguridad,normas-de-seguridad,"Normas que rigen las prácticas de seguridad.",,,,,
238,Marcos de seguridad,marcos-de-seguridad,"Estructuras que proporcionan directrices para las prácticas de seguridad.",,,,,
239,Sistemas de detección de intrusiones,sistemas-de-deteccion-de-intrusiones,"Sistemas que monitorean redes en busca de actividad maliciosa.",,,,,
240,Sistemas de prevención de intrusiones,sistemas-de-prevencion-de-intrusiones,"Sistemas que previenen el acceso no autorizado a redes.",,,,,
241,Detección de amenazas,detencion-de-amenazas,"El proceso de identificar amenazas potenciales.",,,,,
242,Prevención de amenazas,prevencion-de-amenazas,"Medidas tomadas para prevenir amenazas de ocurrir.",,,,,
243,Monitoreo de seguridad,monitoreo-de-seguridad,"El proceso de monitorear sistemas para brechas de seguridad.",,,,,
244,Analítica de seguridad,analitica-de-seguridad,"El análisis de datos de seguridad para identificar amenazas.",,,,,
245,Respuesta a incidentes,respuesta-a-incidentes,"El proceso de responder a incidentes de seguridad.",,,,,
281,Cifrado de datos,cifrado-de-datos,"El proceso de convertir datos en un formato seguro.",,,,,
282,Cifrado de comunicaciones,cifrado-de-comunicaciones,"El proceso de asegurar comunicaciones.",,,,,
283,Implementación de cifrado,implementacion-de-cifrado,"El proceso de implementar medidas de cifrado.",,,,,
284,Transmisión de datos segura,transmision-de-datos-segura,"El proceso de transmitir datos de manera segura.",,,,,
285,Canales de comunicación cifrados,canales-de-comunicacion-cifrados,"Canales que utilizan cifrado para comunicación segura.",,,,,
286,Gestión de incidentes de seguridad,gestion-de-incident-de-seguridad,"El proceso de gestionar incidentes de seguridad.",,,,,
287,Respuesta a crisis,respuesta-a-crisis,"El proceso de responder a crisis.",,,,,
288,Operaciones de seguridad,operaciones-de-seguridad,"Las operaciones que aseguran que las medidas de seguridad estén en su lugar.",,,,,
289,Orquestación de seguridad,orquestacion-de-seguridad,"La coordinación de medidas de seguridad a través de sistemas.",,,,,
290,Automatización,automatizacion,"El uso de tecnología para realizar tareas automáticamente.",,,,,
291,y Respuesta,y-respuesta,,,,,
292,Auditorías de cumplimiento de seguridad,auditorias-de-cumplimiento-de-seguridad,"Auditorías para asegurar el cumplimiento de estándares de seguridad.",,,,,
293,Auditorías de cumplimiento regulatorio,auditorias-de-cumplimiento-regulatorio,"Auditorías para asegurar el cumplimiento de regulaciones.",,,,,
294,Auditorías de seguridad de la información,auditorias-de-seguridad-de-la-informacion,"Auditorías para asegurar la seguridad de la información.",,,,,
295,Auditorías de ciberseguridad,auditorias-de-ciberseguridad,"Auditorías para asegurar la efectividad de las medidas de ciberseguridad.",,,,,
296,Auditorías de cumplimiento de TI,auditorias-de-cumplimiento-de-ti,"Auditorías para asegurar el cumplimiento de regulaciones de TI.",,,,,
297,Auditorías de protección de datos,auditorias-de-proteccion-de-datos,"Auditorías para asegurar la protección de datos.",,,,,
298,Auditorías de privacidad,auditorias-de-privacidad,"Auditorías para asegurar el cumplimiento de regulaciones de privacidad.",,,,,
299,Evaluaciones de riesgos,evaluaciones-de-riesgos,"Evaluaciones para identificar y evaluar riesgos.",,,,,
300,Evaluaciones de vulnerabilidades,evaluaciones-de-vulnerabilidades,"Evaluaciones para identificar vulnerabilidades.",,,,,
301,Seguridad de infraestructura crítica,seguridad-de-infraestructura-critica,"Medidas de seguridad para infraestructura crítica.",,,,,
302,Monitoreo de infraestructura,monitoreo-de-infraestructura,"Monitoreo de infraestructura para rendimiento y seguridad.",,,,,
303,Soluciones de seguridad,soluciones-de-seguridad,"Soluciones diseñadas para mejorar la seguridad.",,,,,
304,Seguridad física,seguridad-fisica,"Medidas tomadas para proteger activos físicos.",,,,,
305,Seguridad de sistemas de control,seguridad-de-sistemas-de-control,"Medidas de seguridad para sistemas de control industrial.",,,,,
306,Seguridad SCADA,seguridad-scada,"Medidas de seguridad para sistemas SCADA.",,,,,
307,Seguridad de ICS,seguridad-de-ics,"Medidas de seguridad para sistemas de control industrial.",,,,,
308,Seguridad de OT,seguridad-de-ot,"Medidas de seguridad para tecnología operativa.",,,,,
309,Seguridad en el lugar de trabajo,seguridad-en-el-lugar-de-trabajo,"Medidas tomadas para asegurar la seguridad en el lugar de trabajo.",,,,,
310,Sistemas de gestión,sistemas-de-gestion,"Sistemas utilizados para gestionar operaciones y procesos.",,,,,
311,Regulaciones de seguridad,regulaciones-de-seguridad,"Regulaciones que rigen las prácticas de seguridad.",,,,,
312,Identificación de peligros,identificacion-de-peligros,"El proceso de identificar peligros en el lugar de trabajo.",,,,,
313,Prevención de incidentes,prevencion-de-incident,"Medidas tomadas para prevenir incidentes de ocurrir.",,,,,
314,Capacitación de empleados,capacitación-de-empleados,"Capacitación proporcionada a empleados para asegurar seguridad y cumplimiento.",,,,,
315,Cultura de seguridad,cultura-de-seguridad,"La cultura de seguridad dentro de una organización.",,,,,
316,Auditorías de seguridad,auditorias-de-seguridad,"Auditorías para asegurar el cumplimiento de regulaciones de seguridad.",,,,,
317,Protección de infraestructura crítica,proteccion-de-infraestructura-critica,"Medidas de protección para infraestructura crítica.",,,,,
318,Sistemas de control industrial,sistemas-de-control-industrial,"Sistemas utilizados para controlar procesos industriales.",,,,,
319,Resiliencia cibernética,resiliencia-cibernetica,"La capacidad de recuperarse de incidentes cibernéticos.",,,,,
320,Implementación de sistemas de gestión de seguridad,implementacion-de-sistemas-de-gestion-de-seguridad,"La implementación de sistemas de gestión de seguridad.",,,,,
321,Gestión de la seguridad,gestion-de-la-seguridad,"La gestión de la seguridad en una organización.",,,,,
322,Seguridad de la información,seguridad-de-la-informacion,"La protección de la información contra accesos no autorizados.",,,,,
323,Gestión de riesgos,gestion-de-riesgos,"La identificación, evaluación y priorización de riesgos.",,,,,
324,Auditoría de riesgos,auditoria-de-riesgos,"Auditoría para evaluar riesgos en una organización.",,,,,
325,Planificación de la continuidad del negocio,planificacion-de-la-continuidad-del-negocio,"Planificación para asegurar que las operaciones comerciales continúen durante interrupciones.",,,,,
326,Implementación de soluciones de gestión de riesgos,implementacion-de-soluciones-de-gestion-de-riesgos,"Implementación de soluciones para gestionar riesgos.",,,,,
327,Gestión de la cadena de suministro,gestion-de-la-cadena-de-suministro,"Gestión de la cadena de suministro para asegurar eficiencia.",,,,,
328,Gestión de relaciones con proveedores,gestion-de-relaciones-con-proveedores,"Gestión de relaciones con proveedores para asegurar calidad.",,,,,
329,Gestión de inventarios,gestion-de-inventarios,"Gestión de inventarios para asegurar disponibilidad.",,,,,
330,Gestión de la producción,gestion-de-la-produccion,"Gestión de la producción para asegurar eficiencia.",,,,,
331,Gestión de la calidad,gestion-de-la-calidad,"Gestión de la calidad para asegurar estándares.",,,,,
332,Gestión de proyectos,gestion-de-proyectos,"Gestión de proyectos para asegurar cumplimiento de objetivos.",,,,,
333,Gestión de recursos,gestion-de-recursos,"Gestión de recursos para asegurar eficiencia.",,,,,
334,Gestión de costos,gestion-de-costos,"Gestión de costos para asegurar rentabilidad.",,,,,
335,Gestión de la experiencia del cliente,gestion-de-la-experiencia-del-cliente,"Gestión de la experiencia del cliente para asegurar satisfacción.",,,,,
336,Gestión de la reputación,gestion-de-la-reputacion,"Gestión de la reputación para asegurar confianza.",,,,,
337,Gestión de la comunicación,gestion-de-la-comunicacion,"Gestión de la comunicación para asegurar claridad.",,,,,
338,Gestión de la innovación,gestion-de-la-innovacion,"Gestión de la innovación para asegurar competitividad.",,,,,
339,Gestión de la transformación,gestion-de-la-transformacion,"Gestión de la transformación para asegurar adaptación.",,,,,
340,Gestión de la sostenibilidad,gestion-de-la-sostenibilidad,"Gestión de la sostenibilidad para asegurar responsabilidad.",,,,,
341,Gestión de la diversidad,gestion-de-la-diversidad,"Gestión de la diversidad para asegurar inclusión.",,,,,
342,Gestión de la ética,gestion-de-la-etica,"Gestión de la ética para asegurar integridad.",,,,,
343,Gestión de la responsabilidad social,gestion-de-la-responsabilidad-social,"Gestión de la responsabilidad social para asegurar impacto positivo.",,,,,
344,Gestión de la seguridad,gestion-de-la-seguridad,"Gestión de la seguridad para asegurar protección.",,,,,
345,Gestión de la salud,gestion-de-la-salud,"Gestión de la salud para asegurar bienestar.",,,,,
346,Gestión de la educación,gestion-de-la-educacion,"Gestión de la educación para asegurar desarrollo.",,,,,
347,Gestión de la formación,gestion-de-la-formacion,"Gestión de la formación para asegurar capacitación.",,,,,
348,Gestión de la capacitación,gestion-de-la-capacitacion,"Gestión de la capacitación para asegurar habilidades.",,,,,
349,Gestión de la comunicación interna,gestion-de-la-comunicacion-interna,"Gestión de la comunicación interna para asegurar claridad.",,,,,
350,Gestión de la comunicación externa,gestion-de-la-comunicacion-externa,"Gestión de la comunicación externa para asegurar confianza.",,,,,
351,Gestión de la comunicación de crisis,gestion-de-la-comunicacion-de-crisis,"Gestión de la comunicación de crisis para asegurar respuesta efectiva.",,,,,
352,Gestión de la comunicación de marca,gestion-de-la-comunicacion-de-marca,"Gestión de la comunicación de marca para asegurar reconocimiento.",,,,,
353,Gestión de la comunicación de producto,gestion-de-la-comunicacion-de-producto,"Gestión de la comunicación de producto para asegurar claridad.",,,,,
354,Gestión de la comunicación de servicio,gestion-de-la-comunicacion-de-servicio,"Gestión de la comunicación de servicio para asegurar satisfacción.",,,,,
355,Gestión de la comunicación de ventas,gestion-de-la-comunicacion-de-ventas,"Gestión de la comunicación de ventas para asegurar efectividad.",,,,,
356,Gestión de la comunicación de marketing,gestion-de-la-comunicacion-de-marketing,"Gestión de la comunicación de marketing para asegurar impacto.",,,,,
357,Gestión de la comunicación de relaciones públicas,gestion-de-la-comunicacion-de-relaciones-publicas,"Gestión de la comunicación de relaciones públicas para asegurar reputación.",,,,,
358,Gestión de la comunicación de crisis,gestion-de-la-comunicacion-de-crisis,"Gestión de la comunicación de crisis para asegurar respuesta efectiva.",,,,,
359,Gestión de la comunicación de marca,gestion-de-la-comunicacion-de-marca,"Gestión de la comunicación de marca para asegurar reconocimiento.",,,,,
360,Gestión de la comunicación de producto,gestion-de-la-comunicacion-de-producto,"Gestión de la comunicación de producto para asegurar claridad.",,,,,
361,Gestión de la comunicación de servicio,gestion-de-la-comunicacion-de-servicio,"Gestión de la comunicación de servicio para asegurar satisfacción.",,,,,
362,Gestión de la comunicación de ventas,gestion-de-la-comunicacion-de-ventas,"Gestión de la comunicación de ventas para asegurar efectividad.",,,,,
363,Gestión de la comunicación de marketing,gestion-de-la-comunicacion-de-marketing,"Gestión de la comunicación de marketing para asegurar impacto.",,,,,
364,Gestión de la comunicación de relaciones públicas,gestion-de-la-comunicacion-de-relaciones-publicas,"Gestión de la comunicación de relaciones públicas para asegurar reputación.",,,,,
365,Gestión de la comunicación de crisis,gestion-de-la-comunicacion-de-crisis,"Gestión de la comunicación de crisis para asegurar respuesta efectiva.",,,,,
366,Gestión de la comunicación de marca,gestion-de-la-comunicacion-de-marca,"Gestión de la comunicación de marca para asegurar reconocimiento.",,,,,
367,Gestión de la comunicación de producto,gestion-de-la-comunicacion-de-producto,"Gestión de la comunicación de producto para asegurar claridad.",,,,,
368,Gestión de la comunicación de servicio,gestion-de-la-comunicacion-de-servicio,"Gestión de la comunicación de servicio para asegurar satisfacción.",,,,,
369,Gestión de la comunicación de ventas,gestion-de-la-comunicacion-de-ventas,"Gestión de la comunicación de ventas para asegurar efectividad.",,,,,
370,Gestión de la comunicación de marketing,gestion-de-la-comunicacion-de-marketing,"Gestión de la comunicación de marketing para asegurar impacto.",,,,,
371,Gestión de la comunicación de relaciones públicas,gestion-de-la-comunicacion-de-relaciones-publicas,"Gestión de la comunicación de relaciones públicas para asegurar reputación.",,,,,
372,Gestión de la comunicación de crisis,gestion-de-la-comunicacion-de-crisis,"Gestión de la comunicación de crisis para asegurar respuesta efectiva.",,,,,
373,Gestión de la comunicación de marca,gestion-de-la-comunicacion-de-marca,"Gestión de la comunicación de marca para asegurar reconocimiento.",,,,,
374,Gestión de la comunicación de producto,gestion-de-la-comunicacion-de-producto,"Gestión de la comunicación de producto para asegurar claridad.",,,,,
375,Gestión de la comunicación de servicio,gestion-de-la-comunicacion-de-servicio,"Gestión de la comunicación de servicio para asegurar satisfacción.",,,,,
376,Gestión de la comunicación de ventas,gestion-de-la-comunicacion-de-ventas,"Gestión de la comunicación de ventas para asegurar efectividad.",,,,,
377,Gestión de la comunicación de marketing,gestion-de-la-comunicacion-de-marketing,"Gestión de la comunicación de marketing para asegurar impacto.",,,,,
378,Gestión de la comunicación de relaciones públicas,gestion-de-la-comunicacion-de-relaciones-publicas,"Gestión de la comunicación de relaciones públicas para asegurar reputación.",,,,,
379,Gestión de la comunicación de crisis,gestion-de-la-comunicacion-de-crisis,"Gestión de la comunicación de crisis para asegurar respuesta efectiva.",,,,,
380,Gestión de la comunicación de marca,gestion-de-la-comunicacion-de-marca,"Gestión de la comunicación de marca para asegurar reconocimiento.",,,,,
381,Gestión de la comunicación de producto,gestion-de-la-comunicacion-de-producto,"Gestión de la comunicación de producto para asegurar claridad.",,,,,
382,Gestión de la comunicación de servicio,gestion-de-la-comunicacion-de-servicio,"Gestión de la comunicación de servicio para asegurar satisfacción.",,,,,
383,Gestión de la comunicación de ventas,gestion-de-la-comunicacion-de-ventas,"Gestión de la comunicación de ventas para asegurar efectividad.",,,,,
384,Gestión de la comunicación de marketing,gestion-de-la-comunicacion-de-marketing,"Gestión de la comunicación de marketing para asegurar impacto.",,,,,
385,Gestión de la comunicación de relaciones públicas,gestion-de-la-comunicacion-de-relaciones-publicas,"Gestión de la comunicación de relaciones públicas para asegurar reputación.",,,,,
386,Gestión de la comunicación de crisis,gestion-de-la-comunicacion-de-crisis,"Gestión de la comunicación de crisis para asegurar respuesta efectiva.",,,,,
387,Gestión de la comunicación de marca,gestion-de-la-comunicacion-de-marca,"Gestión de la comunicación de marca para asegurar reconocimiento.",,,,,
388,Gestión de la comunicación de producto,gestion-de-la-comunicacion-de-producto,"Gestión de la comunicación de producto para asegurar claridad.",,,,,
389,Gestión de la comunicación de servicio,gestion-de-la-comunicacion-de-servicio,"Gestión de la comunicación de servicio para asegurar satisfacción.",,,,,
390,Gestión de la comunicación de ventas,gestion-de-la-comunicacion-de-ventas,"Gestión de la comunicación de ventas para asegurar efectividad.",,,,,
391,Gestión de la comunicación de marketing,gestion-de-la-comunicacion-de-marketing,"Gestión de la comunicación de marketing para asegurar impacto.",,,,,
392,Gestión de la comunicación de relaciones públicas,gestion-de-la-comunicacion-de-relaciones-publicas,"Gestión de la comunicación de relaciones públicas para asegurar reputación.",,,,,
393,Gestión de la comunicación de crisis,gestion-de-la-comunicacion-de-crisis,"Gestión de la comunicación de crisis para asegurar respuesta efectiva.",,,,,
394,Gestión de la comunicación de marca,gestion-de-la-comunicacion-de-marca,"Gestión de la comunicación de marca para asegurar reconocimiento.",,,,,
395,Gestión de la comunicación de producto,gestion-de-la-comunicacion-de-producto,"Gestión de la comunicación de producto para asegurar claridad.",,,,,
396,Gestión de la comunicación de servicio,gestion-de-la-comunicacion-de-servicio,"Gestión de la comunicación de servicio para asegurar satisfacción.",,,,,
397,Gestión de la comunicación de ventas,gestion-de-la-comunicacion-de-ventas,"Gestión de la comunicación de ventas para asegurar efectividad.",,,,,
398,Gestión de la comunicación de marketing,gestion-de-la-comunicacion-de-marketing,"Gestión de la comunicación de marketing para asegurar impacto.",,,,,
399,Gestión de la comunicación de relaciones públicas,gestion-de-la-comunicacion-de-relaciones-publicas,"Gestión de la comunicación de relaciones públicas para asegurar reputación.",,,,,
400,Gestión de la comunicación de crisis,gestion-de-la-comunicacion-de-crisis,"Gestión de la comunicación de crisis para asegurar respuesta efectiva.",,,,,
401,Gestión de la comunicación de marca,gestion-de-la-comunicacion-de-marca,"Gestión de la comunicación de marca para asegurar reconocimiento.",,,,,
402,Gestión de la comunicación de producto,gestion-de-la-comunicacion-de-producto,"Gestión de la comunicación de producto para asegurar claridad.",,,,,
403,Gestión de la comunicación de servicio,gestion-de-la-comunicacion-de-servicio,"Gestión de la comunicación de servicio para asegurar satisfacción.",,,,,
404,Gestión de la comunicación de ventas,gestion-de-la-comunicacion-de-ventas,"Gestión de la comunicación de ventas para asegurar efectividad.",,,,,
405,Gestión de la comunicación de marketing,gestion-de-la-comunicacion-de-marketing,"Gestión de la comunicación de marketing para asegurar impacto.",,,,,
406,Gestión de la comunicación de relaciones públicas,gestion-de-la-comunicacion-de-relaciones-publicas,"Gestión de la comunicación de relaciones públicas para asegurar reputación.",,,,,
407,Gestión de la comunicación de crisis,gestion-de-la-comunicacion-de-crisis,"Gestión de la comunicación de crisis para asegurar respuesta efectiva.",,,,,
408,Gestión de la comunicación de marca,gestion-de-la-comunicacion-de-marca,"Gestión de la comunicación de marca para asegurar reconocimiento.",,,,,
409,Gestión de la comunicación de producto,gestion-de-la-comunicacion-de-producto,"Gestión de la comunicación de producto para asegurar claridad.",,,,,
410,Gestión de la comunicación de servicio,gestion-de-la-comunicacion-de-servicio,"Gestión de la comunicación de servicio para asegurar satisfacción.",,,,,
411,Gestión de la comunicación de ventas,gestion-de-la-comunicacion-de-ventas,"Gestión de la comunicación de ventas para asegurar efectividad.",,,,,
412,Gestión de la comunicación de marketing,gestion-de-la-comunicacion-de-marketing,"Gestión de la comunicación de marketing para asegurar impacto.",,,,,
413,Gestión de la comunicación de relaciones públicas,gestion-de-la-comunicacion-de-relaciones-publicas,"Gestión de la comunicación de relaciones públicas para asegurar reputación.",,,,,
414,Gestión de la comunicación de crisis,gestion-de-la-comunicacion-de-crisis,"Gestión de la comunicación de crisis para asegurar respuesta efectiva.",,,,,
415,Gestión de la comunicación de marca,gestion-de-la-comunicacion-de-marca,"Gestión de la comunicación de marca para asegurar reconocimiento.",,,,,
416,Gestión de la comunicación de producto,gestion-de-la-comunicacion-de-producto,"Gestión de la comunicación de producto para asegurar claridad.",,,,,
417,Gestión de la comunicación de servicio,gestion-de-la-comunicacion-de-servicio,"Gestión de la comunicación de servicio para asegurar satisfacción.",,,,,
418,Gestión de la comunicación de ventas,gestion-de-la-comunicacion-de-ventas,"Gestión de la comunicación de ventas para asegurar efectividad.",,,,,
419,Gestión de la comunicación de marketing,gestion-de-la-comunicacion-de-marketing,"Gestión de la comunicación de marketing para asegurar impacto.",,,,,
420,Gestión de la comunicación de relaciones públicas,gestion-de-la-comunicacion-de-relaciones-publicas,"Gestión de la comunicación de relaciones públicas para asegurar reputación.",,,,,
421,Gestión de la comunicación de crisis,gestion-de-la-comunicacion-de-crisis,"Gestión de la comunicación de crisis para asegurar respuesta efectiva.",,,,,
422,Gestión de la comunicación de marca,gestion-de-la-comunicacion-de-marca,"Gestión de la comunicación de marca para asegurar reconocimiento.",,,,,
423,Gestión de la comunicación de producto,gestion-de-la-comunicacion-de-producto,"Gestión de la comunicación de producto para asegurar claridad.",,,,,
424,Gestión de la comunicación de servicio,gestion-de-la-comunicacion-de-servicio,"Gestión de la comunicación de servicio para asegurar satisfacción.",,,,,
425,Gestión de la comunicación de ventas,gestion-de-la-comunicacion-de-ventas,"Gestión de la comunicación de ventas para asegurar efectividad.",,,,,
426,Gestión de la comunicación de marketing,gestion-de-la-comunicacion-de-marketing,"Gestión de la comunicación de marketing para asegurar impacto.",,,,,
427,Gestión de la comunicación de relaciones públicas,gestion-de-la-comunicacion-de-relaciones-publicas,"Gestión de la comunicación de relaciones públicas para asegurar reputación.",,,,,
428,Gestión de la comunicación de crisis,gestion-de-la-comunicacion-de-crisis,"Gestión de la comunicación de crisis para asegurar respuesta efectiva.",,,,,
429,Gestión de la comunicación de marca,gestion-de-la-comunicacion-de-marca,"Gestión de la comunicación de marca para asegurar reconocimiento.",,,,,
430,Gestión de la comunicación de producto,gestion-de-la-comunicacion-de-producto,"Gestión de la comunicación de producto para asegurar claridad.",,,,,
431,Gestión de la comunicación de servicio,gestion-de-la-comunicacion-de-servicio,"Gestión de la comunicación de servicio para asegurar satisfacción.",,,,,
432,Gestión de la comunicación de ventas,gestion-de-la-comunicacion-de-ventas,"Gestión de la comunicación de ventas para asegurar efectividad.",,,,,
433,Gestión de la comunicación de marketing,gestion-de-la-comunicacion-de-marketing,"Gestión de la comunicación de marketing para asegurar impacto.",,,,,
434,Gestión de la comunicación de relaciones públicas,gestion-de-la-comunicacion-de-relaciones-publicas,"Gestión de la comunicación de relaciones públicas para asegurar reputación.",,,,,
435,Gestión de la comunicación de crisis,gestion-de-la-comunicacion-de-crisis,"Gestión de la comunicación de crisis para asegurar respuesta efectiva.",,,,,
436,Gestión de la comunicación de marca,gestion-de-la-comunicacion-de-marca,"Gestión de la comunicación de marca para asegurar reconocimiento.",,,,,
437,Gestión de la comunicación de producto,gestion-de-la-comunicacion-de-producto,"Gestión de la comunicación de producto para asegurar claridad.",,,,,
438,Gestión de la comunicación de servicio,gestion-de-la-comunicacion-de-servicio,"Gestión de la comunicación de servicio para asegurar satisfacción.",,,,,
439,Gestión de la comunicación de ventas,gestion-de-la-comunicacion-de-ventas,"Gestión de la comunicación de ventas para asegurar efectividad.",,,,,
440,Gestión de la comunicación de marketing,gestion-de-la-comunicacion-de-marketing,"Gestión de la comunicación de marketing para asegurar impacto.",,,,,
441,Gestión de la comunicación de relaciones públicas,gestion-de-la-comunicacion-de-relaciones-publicas,"Gestión de la comunicación de relaciones públicas para asegurar reputación.",,,,,
442,Gestión de la comunicación de crisis,gestion-de-la-comunicacion-de-crisis,"Gestión de la comunicación de crisis para asegurar respuesta efectiva.",,,,,
443,Gestión de la comunicación de marca,gestion-de-la-comunicacion-de-marca,"Gestión de la comunicación de marca para asegurar reconocimiento.",,,,,
444,Gestión de la comunicación de producto,gestion-de-la-comunicacion-de-producto,"Gestión de la comunicación de producto para asegurar claridad.",,,,,
445,Gestión de la comunicación de servicio,gestion-de-la-comunicacion-de-servicio,"Gestión de la comunicación de servicio para asegurar satisfacción.",,,,,
446,Gestión de la comunicación de ventas,gestion-de-la-comunicacion-de-ventas,"Gestión de la comunicación de ventas para asegurar efectividad.",,,,,
447,Gestión de la comunicación de marketing,gestion-de-la-comunicacion-de-marketing,"Gestión de la comunicación de marketing para asegurar impacto.",,,,,
448,Gestión de la comunicación de relaciones públicas,gestion-de-la-comunicacion-de-relaciones-publicas,"Gestión de la comunicación de relaciones públicas para asegurar reputación.",,,,,
449,Gestión de la comunicación de crisis,gestion-de-la-comunicacion-de-crisis,"Gestión de la comunicación de crisis para asegurar respuesta efectiva.",,,,,
450,Gestión de la comunicación de marca,gestion-de-la-comunicacion-de-marca,"Gestión de la comunicación de marca para asegurar reconocimiento.",,,,,
451,Gestión de la comunicación de producto,gestion-de-la-comunicacion-de-producto,"Gestión de la comunicación de producto para asegurar claridad.",,,,,
452,Gestión de la comunicación de servicio,gestion-de-la-comunicacion-de-servicio,"Gestión de la comunicación de servicio para asegurar satisfacción.",,,,,
453,Gestión de la comunicación de ventas,gestion-de-la-comunicacion-de-ventas,"Gestión de la comunicación de ventas para asegurar efectividad.",,,,,
454,Gestión de la comunicación de marketing,gestion-de-la-comunicacion-de-marketing,"Gestión de la comunicación de marketing para asegurar impacto.",,,,,
455,Gestión de la comunicación de relaciones públicas,gestion-de-la-comunicacion-de-relaciones-publicas,"Gestión de la comunicación de relaciones públicas para asegurar reputación.",,,,,
456,Gestión de la comunicación de crisis,gestion-de-la-comunicacion-de-crisis,"Gestión de la comunicación de crisis para asegurar respuesta efectiva.",,,,,
457,Gestión de la comunicación de marca,gestion-de-la-comunicacion-de-marca,"Gestión de la comunicación de marca para asegurar reconocimiento.",,,,,
458,Gestión de la comunicación de producto,gestion-de-la-comunicacion-de-producto,"Gestión de la comunicación de producto para asegurar claridad.",,,,,
459,Gestión de la comunicación de servicio,gestion-de-la-comunicacion-de-servicio,"Gestión de la comunicación de servicio para asegurar satisfacción.",,,,,
460,Gestión de la comunicación de ventas,gestion-de-la-comunicacion-de-ventas,"Gestión de la comunicación de ventas para asegurar efectividad.",,,,,
461,Gestión de la comunicación de marketing,gestion-de-la-comunicacion-de-marketing,"Gestión de la comunicación de marketing para asegurar impacto.",,,,,
462,Gestión de la comunicación de relaciones públicas,gestion-de-la-comunicacion-de-relaciones-publicas,"Gestión de la comunicación de relaciones públicas para asegurar reputación.",,,,,
463,Gestión de la comunicación de crisis,gestion-de-la-comunicacion-de-crisis,"Gestión de la comunicación de crisis para asegurar respuesta efectiva.",,,,,
464,Gestión de la comunicación de marca,gestion-de-la-comunicacion-de-marca,"Gestión de la comunicación de marca para asegurar reconocimiento.",,,,,
465,Gestión de la comunicación de producto,gestion-de-la-comunicacion-de-producto,"Gestión de la comunicación de producto para asegurar claridad.",,,,,
466,Gestión de la comunicación de servicio,gestion-de-la-comunicacion-de-servicio,"Gestión de la comunicación de servicio para asegurar satisfacción.",,,,,
467,Gestión de la comunicación de ventas,gestion-de-la-comunicacion-de-ventas,"Gestión de la comunicación de ventas para asegurar efectividad.",,,,,
468,Gestión de la comunicación de marketing,gestion-de-la-comunicacion-de-marketing,"Gestión de la comunicación de marketing para asegurar impacto.",,,,,
469,Gestión de la comunicación de relaciones públicas,gestion-de-la-comunicacion-de-relaciones-publicas,"Gestión de la comunicación de relaciones públicas para asegurar reputación.",,,,,
470,Gestión de la comunicación de crisis,gestion-de-la-comunicacion-de-crisis,"Gestión de la comunicación de crisis para asegurar respuesta efectiva.",,,,,
471,Gestión de la comunicación de marca,gestion-de-la-comunicacion-de-marca,"Gestión de la comunicación de marca para asegurar reconocimiento.",,,,,
472,Gestión de la comunicación de producto,gestion-de-la-comunicacion-de-producto,"Gestión de la comunicación de producto para asegurar claridad.",,,,,
473,Gestión de la comunicación de servicio,gestion-de-la-comunicacion-de-servicio,"Gestión de la comunicación de servicio para asegurar satisfacción.",,,,,
474,Gestión de la comunicación de ventas,gestion-de-la-comunicacion-de-ventas,"Gestión de la comunicación de ventas para asegurar efectividad.",,,,,
475,Gestión de la comunicación de marketing,gestion-de-la-comunicacion-de-marketing,"Gestión de la comunicación de marketing para asegurar impacto.",,,,,
476,Gestión de la comunicación de relaciones públicas,gestion-de-la-comunicacion-de-relaciones-publicas,"Gestión de la comunicación de relaciones públicas para asegurar reputación.",,,,,
477,Gestión de la comunicación de crisis,gestion-de-la-comunicacion-de-crisis,"Gestión de la comunicación de crisis para asegurar respuesta efectiva.",,,,,
478,Gestión de la comunicación
